tag,objective,seed,rollout,evaluation,benchmark,prompts,samples_per_prompt,prompts_scored,errors,completions,loop_completions
base,base,,0,1,math500,500,4,500,0,2000,53
drpo-s11-200,DRPO,11,200,1,math500,500,4,500,0,2000,31
drpo-s11-400,DRPO,11,400,1,math500,500,4,500,0,2000,68
drpo-s11-600,DRPO,11,600,1,math500,500,4,500,0,2000,2
drpo-s11-800,DRPO,11,800,1,math500,500,4,500,0,2000,1
drpo-s11-800-rep2,DRPO,11,800,2,math500,500,4,500,0,2000,1
grpo-s11-600,GRPO,11,600,1,math500,500,4,500,0,2000,394
grpo-s11-800,GRPO,11,800,1,math500,500,4,500,0,2000,214
grpo-s11-800-rep2,GRPO,11,800,2,math500,500,4,500,0,2000,205
grpo-s22-200,GRPO,22,200,1,math500,500,4,500,0,2000,42
grpo-s22-400,GRPO,22,400,1,math500,500,4,500,0,2000,227
grpo-s22-600,GRPO,22,600,1,math500,500,4,500,0,2000,376
grpo-s22-800,GRPO,22,800,1,math500,500,4,500,0,2000,575
grpo-s33-200,GRPO,33,200,1,math500,500,4,500,0,2000,54
grpo-s33-400,GRPO,33,400,1,math500,500,4,500,0,2000,151
grpo-s33-600,GRPO,33,600,1,math500,500,4,500,0,2000,185
grpo-s33-800,GRPO,33,800,1,math500,500,4,500,0,2000,384
base,base,,0,1,aime24,30,16,30,0,480,40
drpo-s11-200,DRPO,11,200,1,aime24,30,16,30,0,480,36
drpo-s11-400,DRPO,11,400,1,aime24,30,16,30,0,480,53
drpo-s11-600,DRPO,11,600,1,aime24,30,16,30,0,480,5
drpo-s11-800,DRPO,11,800,1,aime24,30,16,30,0,480,5
drpo-s11-800-rep2,DRPO,11,800,2,aime24,30,16,30,0,480,4
grpo-s11-600,GRPO,11,600,1,aime24,30,16,30,0,480,240
grpo-s11-800,GRPO,11,800,1,aime24,30,16,30,0,480,100
grpo-s11-800-rep2,GRPO,11,800,2,aime24,30,16,30,0,480,96
grpo-s22-200,GRPO,22,200,1,aime24,30,16,30,0,480,72
grpo-s22-400,GRPO,22,400,1,aime24,30,16,30,0,480,168
grpo-s22-600,GRPO,22,600,1,aime24,30,16,30,0,480,118
grpo-s22-800,GRPO,22,800,1,aime24,30,16,30,0,480,118
grpo-s33-200,GRPO,33,200,1,aime24,30,16,30,0,480,95
grpo-s33-400,GRPO,33,400,1,aime24,30,16,30,0,480,139
grpo-s33-600,GRPO,33,600,1,aime24,30,16,30,0,480,178
grpo-s33-800,GRPO,33,800,1,aime24,30,16,30,0,480,242
base,base,,0,1,aime25,30,16,30,0,480,25
drpo-s11-200,DRPO,11,200,1,aime25,30,16,30,0,480,32
drpo-s11-400,DRPO,11,400,1,aime25,30,16,30,0,480,73
drpo-s11-600,DRPO,11,600,1,aime25,30,16,30,0,480,5
drpo-s11-800,DRPO,11,800,1,aime25,30,16,30,0,480,4
drpo-s11-800-rep2,DRPO,11,800,2,aime25,30,16,30,0,480,5
grpo-s11-600,GRPO,11,600,1,aime25,30,16,30,0,480,275
grpo-s11-800,GRPO,11,800,1,aime25,30,16,30,0,480,117
grpo-s11-800-rep2,GRPO,11,800,2,aime25,30,16,30,0,480,113
grpo-s22-200,GRPO,22,200,1,aime25,30,16,30,0,480,70
grpo-s22-400,GRPO,22,400,1,aime25,30,16,30,0,480,156
grpo-s22-600,GRPO,22,600,1,aime25,30,16,30,0,480,131
grpo-s22-800,GRPO,22,800,1,aime25,30,16,30,0,480,146
grpo-s33-200,GRPO,33,200,1,aime25,30,16,30,0,480,76
grpo-s33-400,GRPO,33,400,1,aime25,30,16,30,0,480,117
grpo-s33-600,GRPO,33,600,1,aime25,30,16,30,0,480,159
grpo-s33-800,GRPO,33,800,1,aime25,30,16,30,0,480,273
