prompt_id,base,drpo-s11-200,drpo-s11-400,drpo-s11-600,drpo-s11-800,drpo-s11-800-rep2,grpo-s11-600,grpo-s11-800,grpo-s11-800-rep2,grpo-s22-200,grpo-s22-400,grpo-s22-600,grpo-s22-800,grpo-s33-200,grpo-s33-400,grpo-s33-600,grpo-s33-800
2025-I-1,0,0.9375,1,1,1,0.875,0.125,0.125,0,1,0.1875,0,0,0.6875,0.8125,0.0625,0.125
2025-I-10,0,0,0.0625,0,0,0,0,0,0,0,0,0.0625,0,0,0,0.0625,0
2025-I-11,0,0,0,0,0,0,0,0,0,0,0,0,0,0,0,0,0
2025-I-12,0,0,0.0625,0,0,0,0,0,0,0.0625,0,0,0,0,0,0,0
2025-I-13,0,0,0,0,0,0,0,0,0,0.0625,0,0,0,0,0,0,0
2025-I-14,0.0625,0,0,0,0.25,0,0.1875,0,0,0,0.125,0,0.125,0,0,0,0.5
2025-I-15,0,0,0,0,0,0,0,0,0,0,0,0,0,0,0,0,0
2025-I-2,0,0,0,0.25,0,0,0,0,0,0.0625,0,0,0,0.0625,0,0,0
2025-I-3,0,1,1,0.9375,1,0.9375,0,0,0,0.1875,0,0,0,0.3125,0,0,0
2025-I-4,0,0.1875,0,0.4375,0.5,0.3125,0,0,0,0.0625,0.0625,0,0,0,0,0,0
2025-I-5,0,0,0.0625,0,0,0.0625,0,0,0,0.0625,0,0,0,0.0625,0,0,0
2025-I-6,0.375,1,0.9375,1,0.9375,0.9375,0,0.125,0.125,0.75,0.3125,0,0,0.3125,0.375,0,0
2025-I-7,0,0,0,0,0,0,0,0,0,0,0,0,0,0,0,0,0
2025-I-8,0,0.375,0,0.25,0.3125,0.25,0,0,0,0,0,0,0,0,0,0,0
2025-I-9,0.1875,0,0.1875,0.125,0,0.0625,0,0,0,0,0.0625,0,0,0,0,0,0.0625
2025-II-1,0.3125,1,1,0.9375,0.875,0.875,0,0,0,0.8125,0,0,0,0.5,0.875,0,0
2025-II-10,0,0,0,0,0,0,0,0,0,0,0,0,0,0,0,0,0
2025-II-11,0,0,0,0,0,0,0,0,0,0,0,0,0,0,0,0,0
2025-II-12,0,0,0,0.0625,0,0,0,0,0,0,0,0,0,0,0,0,0
2025-II-13,0,0,0,0,0,0,0,0,0,0,0,0,0,0,0,0,0
2025-II-14,0,0,0.125,0,0,0,0,0,0,0,0,0,0,0,0,0,0
2025-II-15,0,0,0,0,0.0625,0,0,0,0,0,0,0,0,0,0,0,0
2025-II-2,0.3125,0.875,0.875,0.375,0,0.25,0,0,0,0.8125,0,0,0,0.6875,0.125,0.0625,0
2025-II-3,0,0,0,0,0,0,0,0,0,0,0,0,0,0,0,0,0
2025-II-4,0.0625,0.4375,0.875,0.9375,0.5,0.4375,0,0,0,0.3125,0,0,0,0.25,0,0,0
2025-II-5,0.125,0,0.0625,0,0,0,0,0,0,0,0,0,0,0,0,0,0
2025-II-6,0.0625,0,0.0625,0,0,0,0,0,0,0,0,0,0,0.0625,0.25,0,0
2025-II-7,0,0,0,0.3125,0,0.3125,0,0,0,0.0625,0,0,0,0,0,0,0
2025-II-8,0,0,0,0,0,0,0,0,0,0,0,0,0,0,0,0,0
2025-II-9,0,0,0,0,0,0,0,0,0,0,0,0,0,0,0,0,0
