system,logical_step,reward_mean,wandb_step,timestamp
UniRL,1,0.1416713148355484,1,1790505547.2323112
UniRL,2,0.2777709364891052,4,1790507427.3580825
UniRL,3,0.19139307737350464,7,1790509157.2881548
UniRL,4,0.1221398189663887,10,1790511424.310464
UniRL,5,0.22500550746917725,13,1790513100.3720806
UniRL,6,0.18018373847007751,16,1790514922.6825795
UniRL,7,0.20718194544315338,19,1790516821.2435932
UniRL,8,0.16629953682422638,22,1790518888.5735147
UniRL,9,0.25133374333381653,25,1790520677.4054368
UniRL,10,0.18147997558116913,28,1790522384.3292763
UniRL,11,0.2453797608613968,31,1790524445.701238
UniRL,12,0.16409961879253387,34,1790526461.6922724
UniRL,13,0.09787878394126892,37,1790528152.2012599
UniRL,14,0.24510714411735535,40,1790530246.0200667
UniRL,15,0.20677945017814636,43,1790532035.249359
UniRL,16,0.2437191754579544,46,1790534043.549731
UniRL,17,0.22626757621765137,49,1790535944.9110782
UniRL,18,0.2196613997220993,52,1790537823.970133
UniRL,19,0.183946892619133,55,1790540125.6194263
UniRL,20,0.2513211667537689,58,1790541930.1123378
UniRL,21,0.2489766776561737,61,1790544150.646617
UniRL,22,0.29615843296051025,64,1790546018.0069313
UniRL,23,0.2008628398180008,67,1790547691.8227117
UniRL,24,0.268022745847702,70,1790549687.3937008
UniRL,25,0.33174264430999756,73,1790551439.5160053
UniRL,26,0.24338653683662415,76,1790553177.5631754
UniRL,27,0.2182609587907791,79,1790555090.5866673
UniRL,28,0.3111199140548706,82,1790556925.5780056
UniRL,29,0.3416211009025574,85,1790558638.1217117
UniRL,30,0.2738373279571533,88,1790560342.0248446
UniRL,31,0.2843524217605591,91,1790562576.984929
UniRL,32,0.25132492184638977,94,1790564316.0722923
UniRL,33,0.30621957778930664,97,1790566211.6223092
UniRL,34,0.28403109312057495,100,1790568112.8346148
UniRL,35,0.31351417303085327,103,1790570194.788039
UniRL,36,0.2857430875301361,106,1790571956.519934
UniRL,37,0.24778886139392853,109,1790574068.8518348
UniRL,38,0.22960883378982544,112,1790575907.602239
UniRL,39,0.31467556953430176,115,1790578075.3329244
UniRL,40,0.2729359567165375,118,1790580060.4480042
UniRL,41,0.3071834444999695,121,1790581999.745509
UniRL,42,0.30493801832199097,124,1790583901.370291
UniRL,43,0.38515156507492065,127,1790585941.2502065
UniRL,44,0.2919408977031708,130,1790587878.2284005
UniRL,45,0.37921276688575745,133,1790589699.1561732
UniRL,46,0.3204980194568634,136,1790591607.8965204
UniRL,47,0.2362622618675232,139,1790593364.668423
UniRL,48,0.31180500984191895,142,1790595445.3854694
UniRL,49,0.31082871556282043,145,1790597299.8907483
UniRL,50,0.3173891603946686,148,1790599011.5040772
UniRL,51,0.31689122319221497,151,1790601071.9147966
UniRL,52,0.3755490481853485,154,1790602886.1489308
UniRL,53,0.3089919090270996,157,1790604813.859296
UniRL,54,0.28740203380584717,160,1790606789.043132
UniRL,55,0.3130277991294861,163,1790608714.146821
UniRL,56,0.33120083808898926,166,1790610509.728913
UniRL,57,0.319015771150589,169,1790612370.779553
UniRL,58,0.3345705270767212,172,1790614157.8368979
UniRL,59,0.38845592737197876,175,1790615923.2043371
UniRL,60,0.40463516116142273,178,1790617937.6719067
UniRL,61,0.3580215573310852,181,1790619855.7812786
UniRL,62,0.3460161089897156,184,1790621978.8993313
UniRL,63,0.38637620210647583,187,1790624084.8083458
UniRL,64,0.4096704423427582,190,1790626165.5752873
UniRL,65,0.42351236939430237,193,1790627892.1019828
UniRL,66,0.33858686685562134,196,1790629854.8790739
UniRL,67,0.28750938177108765,199,1790631804.9444175
UniRL,68,0.3641612231731415,202,1790634367.5827298
UniRL,69,0.4195733964443207,205,1790636153.2472079
UniRL,70,0.33173877000808716,208,1790638320.8365045
UniRL,71,0.35374149680137634,211,1790640164.8817313
UniRL,72,0.44994986057281494,214,1790641947.148299
UniRL,73,0.40900033712387085,217,1790643672.367107
UniRL,74,0.3598061800003052,220,1790645338.436846
UniRL,75,0.4121754467487335,223,1790647329.9101017
UniRL,76,0.32878270745277405,226,1790649129.938434
UniRL,77,0.40559107065200806,229,1790651127.7373033
UniRL,78,0.4557567238807678,232,1790652950.436113
UniRL,79,0.3776308596134186,235,1790654672.0410788
UniRL,80,0.4145016670227051,238,1790656425.0245159
UniRL,81,0.42345359921455383,241,1790658327.6306968
UniRL,82,0.3214032053947449,244,1790660209.4188359
UniRL,83,0.3929763436317444,247,1790662139.373676
UniRL,84,0.4572089910507202,250,1790663856.5704827
UniRL,85,0.41899171471595764,253,1790665567.0137699
UniRL,86,0.363398015499115,256,1790667415.7220802
UniRL,87,0.3749132454395294,259,1790669111.7521496
UniRL,88,0.33023548126220703,262,1790670994.0152783
UniRL,89,0.36581090092658997,265,1790672903.209644
UniRL,90,0.4128110408782959,268,1790674594.8374112
UniRL,91,0.44326257705688477,271,1790676595.2345762
UniRL,92,0.45940831303596497,274,1790678425.4471154
UniRL,93,0.36027365922927856,277,1790680312.36795
UniRL,94,0.33394044637680054,280,1790682775.0056438
UniRL,95,0.2967001795768738,283,1790684766.2305286
UniRL,96,0.4467584490776062,286,1790686579.6646512
UniRL,97,0.41422414779663086,289,1790688483.394773
UniRL,98,0.451738566160202,292,1790690279.401879
UniRL,99,0.41193240880966187,295,1790692307.998822
UniRL,100,0.41884922981262207,298,1790694382.090837
UniRL,101,0.47317957878112793,302,1790696328.7263908
UniRL,102,0.42410808801651,305,1790698279.9353774
UniRL,103,0.47386467456817627,308,1790700197.2172198
UniRL,104,0.3926210105419159,311,1790702595.8573573
UniRL,105,0.42790061235427856,314,1790704392.0895472
UniRL,106,0.4831269383430481,317,1790706198.3785117
UniRL,107,0.4036434590816498,320,1790707888.3139663
UniRL,108,0.4491402804851532,323,1790709680.5843213
UniRL,109,0.469940721988678,326,1790711983.8872662
UniRL,110,0.3620759844779968,329,1790713903.4700754
UniRL,111,0.3505253791809082,332,1790715724.6925807
UniRL,112,0.43868499994277954,335,1790717653.285492
UniRL,113,0.3358567953109741,338,1790719378.5341012
UniRL,114,0.40311121940612793,341,1790721242.066631
UniRL,115,0.3731084167957306,344,1790723343.9271111
UniRL,116,0.37247902154922485,347,1790725161.1424284
UniRL,117,0.39345061779022217,350,1790726874.9188645
UniRL,118,0.4131685197353363,353,1790728683.2121413
UniRL,119,0.3900758922100067,356,1790730433.416486
UniRL,120,0.37976619601249695,359,1790732152.0675015
UniRL,121,0.33960163593292236,362,1790734242.7873442
UniRL,122,0.4173332154750824,365,1790736141.749354
UniRL,123,0.388057678937912,368,1790738013.3920276
UniRL,124,0.315899521112442,371,1790739855.7684476
UniRL,125,0.40308207273483276,374,1790741732.1168666
UniRL,126,0.3471561670303345,377,1790743524.4301157
UniRL,127,0.36798664927482605,380,1790745376.517285
UniRL,128,0.3820824921131134,383,1790747290.8705416
UniRL,129,0.4607195258140564,386,1790749145.3580701
UniRL,130,0.4255497455596924,389,1790751100.3303769
UniRL,131,0.31759124994277954,392,1790753026.1744738
UniRL,132,0.367016077041626,395,1790755313.3749392
UniRL,133,0.2967439591884613,398,1790757154.0546782
UniRL,134,0.36162835359573364,401,1790758871.8571837
UniRL,135,0.36994293332099915,404,1790760728.9061778
UniRL,136,0.3600236475467682,407,1790762523.8953342
UniRL,137,0.39250409603118896,410,1790764345.018432
UniRL,138,0.38979199528694153,413,1790766275.2597337
UniRL,139,0.3808114230632782,416,1790768164.5350218
UniRL,140,0.3890315890312195,419,1790770245.1643708
UniRL,141,0.3272457718849182,422,1790771921.60622
UniRL,142,0.3817780315876007,425,1790773740.1663191
UniRL,143,0.4018428325653076,428,1790775588.0251777
UniRL,144,0.3862110674381256,431,1790777592.322973
UniRL,145,0.3981301188468933,434,1790779498.961619
UniRL,146,0.49358755350112915,437,1790781259.3360887
UniRL,147,0.38037699460983276,440,1790783291.3874671
UniRL,148,0.40065106749534607,443,1790785347.9711041
UniRL,149,0.4093143045902252,446,1790787147.4562857
UniRL,150,0.44270312786102295,449,1790789150.2297845
UniRL,151,0.381924569606781,452,1790791044.094808
UniRL,152,0.3454754054546356,455,1790793112.3155735
UniRL,153,0.4282187223434448,458,1790794876.1831036
UniRL,154,0.35467028617858887,461,1790797599.9242978
UniRL,155,0.40341514348983765,464,1790799600.0383134
UniRL,156,0.40428590774536133,467,1790801485.7997353
UniRL,157,0.43122541904449463,470,1790803173.4831455
UniRL,158,0.44649791717529297,473,1790805056.1958218
UniRL,159,0.4325157105922699,476,1790807085.2876883
UniRL,160,0.4004988670349121,479,1790808806.0089908
UniRL,161,0.41251853108406067,482,1790810776.6319497
UniRL,162,0.46486932039260864,485,1790812670.5412183
UniRL,163,0.4376159608364105,488,1790814676.575875
UniRL,164,0.4966728985309601,491,1790816510.234284
UniRL,165,0.34175825119018555,494,1790818539.4194732
UniRL,166,0.4159950017929077,497,1790820285.3665454
UniRL,167,0.4047474265098572,500,1790822352.6027756
UniRL,168,0.4101327657699585,503,1790824088.216255
UniRL,169,0.39594393968582153,506,1790825818.8111675
UniRL,170,0.38500598073005676,509,1790827738.5854108
UniRL,171,0.47796282172203064,512,1790829671.2962852
UniRL,172,0.3714216351509094,515,1790831652.2379522
UniRL,173,0.4537285268306732,518,1790833658.4211342
UniRL,174,0.42549848556518555,521,1790835638.4497805
UniRL,175,0.47304874658584595,524,1790837649.2159061
UniRL,176,0.40154799818992615,527,1790839551.4757714
UniRL,177,0.40982696413993835,530,1790841368.6805837
UniRL,178,0.39704978466033936,533,1790843257.5022254
UniRL,179,0.454990029335022,536,1790845399.956053
UniRL,180,0.37943750619888306,539,1790847141.9673595
UniRL,181,0.4101907014846802,542,1790849035.6641586
UniRL,182,0.3839329481124878,545,1790850748.6864011
UniRL,183,0.3183296322822571,548,1790852547.0599542
UniRL,184,0.3265264332294464,551,1790854406.02538
UniRL,185,0.4086855947971344,554,1790856213.8961806
UniRL,186,0.36242902278900146,557,1790858104.9822454
UniRL,187,0.3550812602043152,560,1790859888.6321301
UniRL,188,0.39134785532951355,563,1790861787.0002685
UniRL,189,0.3794587552547455,566,1790863556.5392623
UniRL,190,0.36809512972831726,569,1790865414.4537473
UniRL,191,0.35065147280693054,572,1790867144.4456873
UniRL,192,0.3468586206436157,575,1790868988.0375714
UniRL,193,0.4124642014503479,578,1790870992.4452696
UniRL,194,0.3524843454360962,581,1790872863.7113879
UniRL,195,0.45083150267601013,584,1790874712.1511116
UniRL,196,0.40108779072761536,587,1790876399.715084
UniRL,197,0.3678479492664337,590,1790878135.1578434
UniRL,198,0.3854578137397766,593,1790880136.8247535
UniRL,199,0.3317022919654846,596,1790881795.3051631
UniRL,200,0.351876437664032,599,1790883564.2193098
UniRL,201,0.36796653270721436,603,1790885464.0198016
UniRL,202,0.31647437810897827,606,1790887379.2588043
UniRL,203,0.29422008991241455,609,1790889294.6461558
UniRL,204,0.3435431122779846,612,1790891064.1833918
veRL-Omni,1,0.22178761661052704,1,1790544617.1054058
veRL-Omni,2,0.14979004859924316,2,1790546189.0130439
veRL-Omni,3,0.21225287020206451,3,1790547758.96593
veRL-Omni,4,0.2635232210159302,4,1790549325.771032
veRL-Omni,5,0.20846015214920044,5,1790550885.538072
veRL-Omni,6,0.21364615857601166,6,1790552478.3644118
veRL-Omni,7,0.1998167335987091,7,1790554034.1488888
veRL-Omni,8,0.22218218445777893,8,1790555590.3688498
veRL-Omni,9,0.17718994617462158,9,1790557164.0999727
veRL-Omni,10,0.25523999333381653,10,1790558744.9504082
veRL-Omni,11,0.2289256751537323,11,1790560314.921781
veRL-Omni,12,0.3226442337036133,12,1790561886.365083
veRL-Omni,13,0.31717896461486816,13,1790563430.90271
veRL-Omni,14,0.4041614234447479,14,1790565003.0474663
veRL-Omni,15,0.29315435886383057,15,1790566557.6491847
veRL-Omni,16,0.2890373766422272,16,1790568119.2547245
veRL-Omni,17,0.2824699282646179,17,1790569689.8478827
veRL-Omni,18,0.3226439356803894,18,1790571257.1324928
veRL-Omni,19,0.31522372364997864,19,1790572802.0545695
veRL-Omni,20,0.34233471751213074,20,1790574378.5264232
veRL-Omni,21,0.426274836063385,21,1790575949.011945
veRL-Omni,22,0.3189643621444702,22,1790577508.2795231
veRL-Omni,23,0.3593266010284424,23,1790579055.4659748
veRL-Omni,24,0.32008153200149536,24,1790580615.612665
veRL-Omni,25,0.3500903248786926,25,1790582171.717299
veRL-Omni,26,0.3526460528373718,26,1790583742.0340493
veRL-Omni,27,0.2925172746181488,27,1790585298.5411496
veRL-Omni,28,0.321905255317688,28,1790586858.719706
veRL-Omni,29,0.2806456983089447,29,1790588411.161256
veRL-Omni,30,0.33035019040107727,30,1790590004.1118033
veRL-Omni,31,0.3026517331600189,31,1790591553.9507873
veRL-Omni,32,0.35407331585884094,32,1790593128.3642716
veRL-Omni,33,0.3024628460407257,33,1790594704.5535955
veRL-Omni,34,0.36134934425354004,34,1790596280.8767214
veRL-Omni,35,0.29872316122055054,35,1790597856.7769885
veRL-Omni,36,0.44147825241088867,36,1790599421.4377942
veRL-Omni,37,0.36863189935684204,37,1790600990.8820791
veRL-Omni,38,0.33730170130729675,38,1790602547.6902823
veRL-Omni,39,0.35221797227859497,39,1790604107.2718735
veRL-Omni,40,0.36574044823646545,40,1790605691.7908297
veRL-Omni,41,0.42139318585395813,41,1790607248.3245509
veRL-Omni,42,0.4122501611709595,42,1790608829.3686602
veRL-Omni,43,0.3906380534172058,43,1790610398.5617182
veRL-Omni,44,0.3075000047683716,44,1790611951.749077
veRL-Omni,45,0.4527304172515869,45,1790613501.9866846
veRL-Omni,46,0.3487185537815094,46,1790615060.7616043
veRL-Omni,47,0.43278980255126953,47,1790616650.235025
veRL-Omni,48,0.42301902174949646,48,1790618193.6618876
veRL-Omni,49,0.31236183643341064,49,1790619759.5403643
veRL-Omni,50,0.31624048948287964,50,1790621333.5371954
veRL-Omni,51,0.355068564414978,51,1790622917.203586
veRL-Omni,52,0.36535999178886414,52,1790624487.768118
veRL-Omni,53,0.39452970027923584,53,1790626048.0739355
veRL-Omni,54,0.38841238617897034,54,1790627597.2773438
veRL-Omni,55,0.41365283727645874,55,1790629160.7938476
veRL-Omni,56,0.37018752098083496,56,1790630732.794754
veRL-Omni,57,0.3804399073123932,57,1790632299.9104128
veRL-Omni,58,0.4315548539161682,58,1790633866.7075732
veRL-Omni,59,0.41077813506126404,59,1790635436.2829635
veRL-Omni,60,0.37740176916122437,60,1790637033.6709511
veRL-Omni,61,0.34239867329597473,61,1790638615.7075849
veRL-Omni,62,0.42391669750213623,62,1790640179.2351668
veRL-Omni,63,0.3901605010032654,63,1790641745.3332849
veRL-Omni,64,0.3405345380306244,64,1790643296.5619164
veRL-Omni,65,0.38872575759887695,65,1790644855.614349
veRL-Omni,66,0.3756628632545471,66,1790646410.3717453
veRL-Omni,67,0.5166131258010864,67,1790647956.843221
veRL-Omni,68,0.4068779945373535,68,1790649513.1806622
veRL-Omni,69,0.362646222114563,69,1790651081.3567111
veRL-Omni,70,0.3736923038959503,70,1790652684.223692
veRL-Omni,71,0.34621113538742065,71,1790654289.1462116
veRL-Omni,72,0.4327690005302429,72,1790655858.913023
veRL-Omni,73,0.41963252425193787,73,1790657423.7435217
veRL-Omni,74,0.3922893702983856,74,1790659005.1556163
veRL-Omni,75,0.46172934770584106,75,1790660570.3936834
veRL-Omni,76,0.4854143261909485,76,1790662115.809496
veRL-Omni,77,0.3655397891998291,77,1790663694.2446404
veRL-Omni,78,0.43859001994132996,78,1790665262.5972483
veRL-Omni,79,0.3688642978668213,79,1790666830.0976515
veRL-Omni,80,0.43629899621009827,80,1790668419.3856587
veRL-Omni,81,0.44885510206222534,81,1790669994.6653695
veRL-Omni,82,0.47970956563949585,82,1790671601.045697
veRL-Omni,83,0.4494066536426544,83,1790673160.6425946
veRL-Omni,84,0.38724806904792786,84,1790674727.1204276
veRL-Omni,85,0.48220938444137573,85,1790676292.4591494
veRL-Omni,86,0.4290810525417328,86,1790677864.8947463
veRL-Omni,87,0.42368146777153015,87,1790679458.2604835
veRL-Omni,88,0.47014403343200684,88,1790681007.3699856
veRL-Omni,89,0.5316834449768066,89,1790682555.4584873
veRL-Omni,90,0.3718506097793579,90,1790684151.017695
veRL-Omni,91,0.42667925357818604,91,1790685714.6623795
veRL-Omni,92,0.34594884514808655,92,1790687285.7171233
veRL-Omni,93,0.3975439667701721,93,1790688854.1677694
veRL-Omni,94,0.3819204866886139,94,1790690435.3024306
veRL-Omni,95,0.295340359210968,95,1790691999.0510144
veRL-Omni,96,0.36827608942985535,96,1790693570.9540286
veRL-Omni,97,0.5108746886253357,97,1790695141.0898607
veRL-Omni,98,0.4152008593082428,98,1790696716.5456426
veRL-Omni,99,0.3997194468975067,99,1790698284.8747907
veRL-Omni,100,0.35103467106819153,100,1790699859.472432
veRL-Omni,101,0.36332112550735474,101,1790701413.089409
veRL-Omni,102,0.4326595366001129,102,1790702964.279473
veRL-Omni,103,0.48507535457611084,103,1790704534.8348505
veRL-Omni,104,0.445609986782074,104,1790706102.0961776
veRL-Omni,105,0.4001401960849762,105,1790707665.6574743
veRL-Omni,106,0.5032406449317932,106,1790709243.5840287
veRL-Omni,107,0.4696497619152069,107,1790710816.1361535
veRL-Omni,108,0.36517900228500366,108,1790712397.7566206
veRL-Omni,109,0.43247729539871216,109,1790713992.2464187
veRL-Omni,110,0.49753648042678833,110,1790715601.1746051
veRL-Omni,111,0.45738789439201355,111,1790717168.1474853
veRL-Omni,112,0.5587763786315918,112,1790718744.1693597
veRL-Omni,113,0.4404198229312897,113,1790720295.7525811
veRL-Omni,114,0.27564507722854614,114,1790721862.2945297
veRL-Omni,115,0.4778682291507721,115,1790723445.0334654
veRL-Omni,116,0.43874841928482056,116,1790725002.2124321
veRL-Omni,117,0.4031484127044678,117,1790726579.327947
veRL-Omni,118,0.5201272964477539,118,1790728145.7497156
veRL-Omni,119,0.476406991481781,119,1790729716.2957766
veRL-Omni,120,0.37285709381103516,120,1790731303.6507638
veRL-Omni,121,0.46724745631217957,121,1790732884.3626127
veRL-Omni,122,0.3665725886821747,122,1790734438.2279465
veRL-Omni,123,0.39130091667175293,123,1790736020.1946259
veRL-Omni,124,0.3728848397731781,124,1790737588.6224048
veRL-Omni,125,0.49212145805358887,125,1790739171.890956
veRL-Omni,126,0.4783249497413635,126,1790740737.523537
veRL-Omni,127,0.4524528682231903,127,1790742302.676256
veRL-Omni,128,0.4034469425678253,128,1790743851.6986492
veRL-Omni,129,0.4351963996887207,129,1790745419.4333386
veRL-Omni,130,0.525956392288208,130,1790747014.9588614
veRL-Omni,131,0.4725744128227234,131,1790748619.2208102
veRL-Omni,132,0.4405752718448639,132,1790750183.8650851
veRL-Omni,133,0.5082800388336182,133,1790751744.4638698
veRL-Omni,134,0.43607401847839355,134,1790753307.2584312
veRL-Omni,135,0.42051762342453003,135,1790754864.1864753
veRL-Omni,136,0.398588091135025,136,1790756431.3631341
veRL-Omni,137,0.45397359132766724,137,1790757982.443154
veRL-Omni,138,0.44061392545700073,138,1790759556.082667
veRL-Omni,139,0.4708927571773529,139,1790761118.955471
veRL-Omni,140,0.4631161689758301,140,1790762690.6768517
veRL-Omni,141,0.5180919766426086,141,1790764253.3606431
veRL-Omni,142,0.4203113913536072,142,1790772072.136843
