framework,run_id,step_band,first_step,last_step,n_steps,generation_s_mean,generation_s_population_std,reward_s_mean,reward_s_population_std,advantage_s_mean,advantage_s_population_std,training_s_mean,training_s_population_std,weight_sync_s_mean,weight_sync_s_population_std,wake_up_s_mean,wake_up_s_population_std,sleep_s_mean,sleep_s_population_std,phase_sum_s_mean,phase_sum_s_population_std,unaccounted_s_mean,unaccounted_s_population_std,trunc_ratio_mean,trunc_ratio_population_std,response_length_mean,response_length_step_population_std,e2e_s_mean,e2e_s_population_std,e2e_output_tokens_per_s,generation_output_tokens_per_s
UniRL,6jlpkjdr,0-100,2,100,99,59.67656911379009,14.293188346743491,1.6317110223874374,2.8296951146087785,,,51.95548758298544,16.706231588376095,2.798830527431247,0.36114296823661207,0.01293188218271943,0.0005847617503410261,0.024643947995935726,0.04691509418317575,116.10017407677287,31.127952410181734,0.9275824987009694,0.12401178982198209,0.11904198232323232,0.07375282261943798,3625.8279079861113,1280.3698442062534,117.02775657547384,31.11094693355955,15863.107549973747,31108.086749241516
UniRL,6jlpkjdr,100-200,101,200,100,62.697354283989405,7.890213849760035,0.8481667569442652,1.4201520606183744,,,56.09934319170657,6.623007947870505,2.8534309594589287,0.44978708954196356,0.013010354922153055,0.0006106686711076141,0.03213686861097813,0.0543764672086573,122.54344241563231,14.099730572612197,0.89593487911392,0.11985336972575876,0.0882421875,0.05113636351306029,3976.13115234375,451.30400300767405,123.43937729474622,14.105771034350886,16492.137230561402,32469.93710099603
UniRL,6jlpkjdr,200-300,201,300,100,65.3311375356419,11.011578569279594,0.7121704859589226,0.5023590944395389,,,62.426836134642365,11.243758727987792,2.8842711310531013,0.5308853151908138,0.013272793106734753,0.005902607199208316,0.022233715776819735,0.00562558583463002,131.38992179617983,22.2438609782322,0.860564194621984,0.10063097259824486,0.08640625,0.06822594120079528,4499.875546875,828.8017759668201,132.25048599080182,22.237479622497837,17421.00426126405,35265.516060287024
UniRL,6jlpkjdr,300-400,301,400,100,74.0796703950013,10.553102200966027,1.0133477918524294,1.4792036187006934,,,71.50751740145729,8.841395113433904,2.930995409837924,0.6802123309757222,0.01347016025800258,0.00486522288362769,0.023781135263852775,0.006862819130099227,149.5687822936708,19.543174365270747,0.8805954989790916,0.10613668603787844,0.163125,0.10691873648214095,5156.269375,671.2837990916046,150.4493777926499,19.554174785564687,17547.496431912634,35637.44149944464
UniRL,6jlpkjdr,400-500,401,500,100,65.7641055108537,5.771831974339764,1.291005757888779,2.355075648535435,,,62.179456181852146,4.626502387256215,2.9122310901270247,0.5182775147500556,0.013058030717074872,0.0007415835807841509,0.02453949462622404,0.00845073014105785,132.18439606606495,10.123258948633591,0.9029144420847297,0.14443150005654198,0.081015625,0.0333504086310704,4432.77169921875,356.8363015703208,133.08731050814967,10.118654210349844,17053.309600549943,34510.90974886641
UniRL,6jlpkjdr,overall,2,500,499,65.52145714391553,11.374296763853929,1.0982133676969859,1.9238207706332515,,,60.851520163690175,12.380853632244834,2.8761063752773373,0.5211707420331855,0.013149078630231964,0.0034665648898746814,0.02546868192261544,0.032729199934939474,130.38591481113286,23.57369642437939,0.8934500377782936,0.12205476436013414,0.10754321142284569,0.07746213114392239,4339.602685840431,942.1438501613526,131.27936484891117,23.56369911098219,16924.796807993764,33910.67097714308
VERL,xd9cv7e4,0-100,2,100,99,67.82519431525108,17.885130038707818,2.1945929738006206e-05,1.49041255260465e-06,0.007015024283618638,0.0007828205841388012,44.71190059758873,15.53721200932957,3.2307612117229385,0.24231587300829355,,,,,115.7748930947761,33.35252048457516,0.0654403062518498,0.005124429782339305,0.11332070707070707,0.06908351115206116,3239.9921677714647,1191.15475340655,115.84033340102795,33.35270533680164,14320.366155681913,24458.10891729325
VERL,xd9cv7e4,100-200,101,200,100,87.78692862879485,9.789844805649066,0.00017326762899756433,0.0011131514902257647,0.00726985203102231,0.0017939022559703352,62.11109278637916,8.039150323996235,3.372458703685552,0.2596671106933404,,,,,153.27792323851958,17.6935253089107,0.06914161711931228,0.03309768897270441,0.2191796875,0.08620943304079226,4529.5518359375,543.9340674342176,153.3470648556389,17.69253256564964,15123.410038419921,26417.720453649697
VERL,xd9cv7e4,200-300,201,300,100,84.7259542246908,10.643082348462466,7.239559665322303e-05,0.0005035138165900452,0.010348293595016003,0.03211455427133304,60.14310209317133,8.795648680549256,3.3083882742002606,0.21148648801892114,,,,,148.18786528125406,19.371405875075812,0.06596826270222664,0.00895125479133035,0.19453125,0.10529209743019653,4402.6153515625,583.5489634885887,148.2538335439563,19.371081123816598,15204.59205752452,26605.0595785807
VERL,xd9cv7e4,300-400,301,400,100,78.41435711255298,7.614527688116433,6.820809096097947e-05,0.0004630256386086514,0.013448834493756294,0.04560431764203244,55.41839509043842,6.060570619183781,3.314648370984942,0.18466312160826648,,,,,137.16091761656105,13.477391557352425,0.06827192481607199,0.032773167323579815,0.12125,0.04473353862080511,4091.84337890625,431.1033099361957,137.22918954137714,13.476723151154886,15266.604845526044,26717.349821447657
VERL,xd9cv7e4,400-500,401,500,100,78.89999931354076,7.483279207738193,5.8945119380950924e-05,0.0003746714546861249,0.007024009730666875,0.0010127465608370072,55.90256802795455,5.377875252681793,3.3687520459480584,0.29947073901329313,,,,,138.17840234229342,12.704238509653155,0.06513835186138749,0.006433340982389243,0.12642578125,0.05100600427924324,4139.1648046875,367.5445756371882,138.2435406941548,12.704783462199904,15329.847379188299,26859.979701372387
VERL,xd9cv7e4,overall,2,500,499,79.55394421877314,13.220966387770115,7.906671471610098e-05,0.0006105415488255148,0.009025223224698183,0.02511837438199452,55.679346611133525,11.210562209924525,3.3191785559968983,0.24813503006214438,,,,,138.56157367584296,24.347197437846788,0.06679480154074743,0.02160856113513642,0.15502489353707416,0.08634540495899397,4082.318159757014,821.8389810251028,138.62836847738373,24.34749269274692,15077.338936846714,26273.32834746311
