workload,framework,run_id,step,response_length_mean,response_length_min,response_length_max,trunc_ratio,total_s,generation_s,train_s,reward_s,weight_sync_s,output_tokens,generation_output_tokens_per_s
natural_eos_8192_cap,UniRL TP1,v48s5nb1,2,770.88671875,2.0,8192.0,0.01171875,65.28246390004642,47.33499014703557,14.652739172801375,0.5902845920063555,1.0317839791532606,394694.0,8338.31376691896
natural_eos_8192_cap,UniRL TP1,v48s5nb1,3,948.626953125,2.0,8192.0,0.025390625,69.93352714297362,49.28110359283164,17.927924651885405,0.5135085610672832,1.0126744389999658,485697.0,9855.643737463883
natural_eos_8192_cap,UniRL TP1,v48s5nb1,4,933.484375,2.0,8192.0,0.01171875,69.45364786987193,48.49004178517498,17.46219749399461,0.5361826510634273,1.8656792261172086,477944.0,9856.53924814978
natural_eos_8192_cap,UniRL TP1,v48s5nb1,5,944.330078125,2.0,8192.0,0.01171875,68.35182750900276,49.20707457792014,15.967135220998898,0.5898067008238286,1.5887260967865586,483497.0,9825.761928488053
natural_eos_8192_cap,UniRL TP1,v48s5nb1,6,851.892578125,2.0,8192.0,0.001953125,65.13498845696449,46.611462951870635,15.778054098132998,0.5261192240286618,1.1487234509550035,436169.0,9357.547958757974
natural_eos_8192_cap,UniRL TP1,v48s5nb1,7,983.5390625,2.0,8192.0,0.0078125,78.21246842108667,49.05229366593994,16.04013370303437,10.6672666920349,1.4236938641406596,503572.0,10266.023510123063
natural_eos_8192_cap,UniRL TP1,v48s5nb1,8,1005.3984375,42.0,8192.0,0.00390625,68.53982608090155,47.6138157278765,18.037722785957158,0.45062808506190777,1.3610920570790768,514764.0,10811.231826955232
natural_eos_8192_cap,UniRL TP1,v48s5nb1,9,1040.103515625,4.0,8192.0,0.005859375,68.8793266878929,48.16613088408485,17.30796577502042,0.4798240701202303,1.881532129831612,532533.0,11056.171426382114
natural_eos_8192_cap,UniRL TP1,v48s5nb1,10,1101.49609375,6.0,8192.0,0.013671875,73.31501674489118,49.6132831859868,19.55667752586305,0.43412104481831193,2.473500589141622,563966.0,11367.238041591478
natural_eos_8192_cap,UniRL TP1,v48s5nb1,11,1203.267578125,44.0,8192.0,0.009765625,77.18579800007865,53.06170681701042,21.175079381093383,0.646942564053461,1.1834631559904665,616073.0,11610.500998857815
natural_eos_8192_cap,UniRL TP1,v48s5nb1,12,1282.36328125,231.0,8192.0,0.017578125,72.89865992497653,50.38598602311686,19.421150689944625,0.4482838809490204,1.5524864110630006,656570.0,13030.805821657807
natural_eos_8192_cap,UniRL TP1,v48s5nb1,13,1283.35546875,4.0,8192.0,0.015625,71.91753948293626,49.01168492203578,19.841420703101903,0.6598546640016139,1.292896166909486,657078.0,13406.558069677298
natural_eos_8192_cap,UniRL TP1,v48s5nb1,14,1370.66796875,5.0,8192.0,0.01953125,80.337572023971,52.92639132589102,24.656115751015022,0.48205574601888657,1.170217112870887,701782.0,13259.585292313248
natural_eos_8192_cap,UniRL TP1,v48s5nb1,15,1332.056640625,93.0,8192.0,0.01953125,74.23890487593599,51.12549294508062,20.143277008086443,0.7551729290280491,1.1015045121312141,682013.0,13339.978955951063
natural_eos_8192_cap,UniRL TP2 + FlashInfer,2evxz32k,2,837.767578125,2.0,8192.0,0.015625,53.66911318898201,31.72751875105314,16.402675363933668,0.5584248669911176,3.309020322980359,428937.0,13519.399464093365
natural_eos_8192_cap,UniRL TP2 + FlashInfer,2evxz32k,3,935.13671875,2.0,8192.0,0.015625,52.2243200680241,31.630547543987632,15.89404004602693,0.5451316339895129,2.5470558458473533,478790.0,15136.949473737735
natural_eos_8192_cap,UniRL TP2 + FlashInfer,2evxz32k,4,930.994140625,2.0,8192.0,0.0078125,52.83325646002777,30.01072264299728,17.263978343224153,0.7444222948979586,3.37113897386007,476669.0,15883.289638519458
natural_eos_8192_cap,UniRL TP2 + FlashInfer,2evxz32k,5,998.212890625,2.0,8192.0,0.015625,54.75331837288104,33.8694944200106,16.043742266017944,0.4865589349064976,2.444476706907153,511085.0,15089.832569158265
natural_eos_8192_cap,UniRL TP2 + FlashInfer,2evxz32k,6,906.80859375,2.0,8192.0,0.00390625,50.42774118995294,30.987557309912518,14.46444190107286,0.6885610041208565,2.8771683119703084,464286.0,14982.981567620398
natural_eos_8192_cap,UniRL TP2 + FlashInfer,2evxz32k,7,934.474609375,4.0,8192.0,0.00390625,54.27431940310635,31.041494579054415,18.23667023004964,0.46593824308365583,3.1322693559341133,478451.0,15413.272024693038
natural_eos_8192_cap,UniRL TP2 + FlashInfer,2evxz32k,8,1007.490234375,2.0,8192.0,0.0078125,62.55507741984911,31.240658251801506,17.14439947088249,9.941032567992806,2.7445908719673753,515835.0,16511.655927424454
natural_eos_8192_cap,UniRL TP2 + FlashInfer,2evxz32k,9,1070.12890625,43.0,8192.0,0.005859375,55.19300827290863,31.874163429951295,18.9627633090131,0.5375010210555047,2.431877290131524,547906.0,17189.658991493638
natural_eos_8192_cap,UniRL TP2 + FlashInfer,2evxz32k,10,1062.638671875,6.0,8192.0,0.00390625,55.63400426716544,30.00854224502109,20.019150940002874,0.5427800088655204,3.6619891470763832,544071.0,18130.53748354838
natural_eos_8192_cap,UniRL TP2 + FlashInfer,2evxz32k,11,1053.810546875,78.0,8192.0,0.001953125,50.33957351301797,28.794574335915968,17.13680452806875,0.4754369589500129,2.5274327548686415,539551.0,18737.939783572656
natural_eos_8192_cap,UniRL TP2 + FlashInfer,2evxz32k,12,1225.49609375,235.0,8192.0,0.009765625,59.68134166300297,34.34119087993167,20.214578937040642,0.4601025360170752,3.04988836706616,627454.0,18271.17767097215
natural_eos_8192_cap,UniRL TP2 + FlashInfer,2evxz32k,13,1255.17578125,6.0,8192.0,0.009765625,58.079463156173006,33.01772626815364,20.060984252020717,0.4849664359353483,3.0286206279415637,642650.0,19463.787263263213
natural_eos_8192_cap,UniRL TP2 + FlashInfer,2evxz32k,14,1426.455078125,118.0,8192.0,0.029296875,72.69314404507168,35.229183414019644,22.895088684977964,10.606537207961082,2.576745043043047,730345.0,20731.249754411147
natural_eos_8192_cap,UniRL TP2 + FlashInfer,2evxz32k,15,1202.796875,114.0,8192.0,0.0078125,56.55466714897193,32.586698211031035,19.18888535303995,0.6646530060097575,2.5234745221678168,615832.0,18898.263211936355
natural_eos_8192_cap,VERL TP2,3q35u7qp,2,856.830078125,2.0,8192.0,0.015625,54.213069665944204,34.56859153392725,15.986826904118061,2.4718930944800377e-05,3.534401762066409,438697.0,12690.624076177419
natural_eos_8192_cap,VERL TP2,3q35u7qp,3,892.109375,2.0,8192.0,0.01171875,57.913026915863156,39.12971775396727,15.691580925835297,2.0389212295413017e-05,3.0204350259155035,456760.0,11672.969451809811
natural_eos_8192_cap,VERL TP2,3q35u7qp,4,1004.501953125,2.0,8192.0,0.009765625,54.84023785404861,34.57110256701708,16.987741529010236,2.35589686781168e-05,3.210583726875484,514305.0,14876.731194875978
natural_eos_8192_cap,VERL TP2,3q35u7qp,5,966.94921875,4.0,8192.0,0.001953125,50.876072036102414,30.854486000025645,16.808174113975838,2.0289095118641853e-05,3.1427848681341857,495078.0,16045.575998238588
natural_eos_8192_cap,VERL TP2,3q35u7qp,6,1031.2734375,14.0,8192.0,0.005859375,55.27277304488234,34.5224166191183,17.09709741314873,2.8219074010849e-05,3.581653248053044,528012.0,15294.757775085483
natural_eos_8192_cap,VERL TP2,3q35u7qp,7,1064.9140625,2.0,8192.0,0.0078125,58.43732850300148,37.19426831789315,17.85820498992689,2.3518921807408333e-05,3.3110351129435003,545236.0,14659.140363777551
natural_eos_8192_cap,VERL TP2,3q35u7qp,8,1034.77734375,3.0,8192.0,0.005859375,52.653644416015595,31.88998219696805,17.525684801861644,2.6019057258963585e-05,3.1675527300685644,529806.0,16613.555841068217
natural_eos_8192_cap,VERL TP2,3q35u7qp,9,1232.943359375,152.0,8192.0,0.01171875,59.93506312696263,37.28955523390323,19.04508065781556,2.1379906684160233e-05,3.5292190220206976,631267.0,16928.788665895896
natural_eos_8192_cap,VERL TP2,3q35u7qp,10,1115.390625,113.0,8192.0,0.0078125,54.857192896073684,33.790946800028905,17.973083957098424,2.2009015083312988e-05,3.022485336055979,571080.0,16900.384691189283
natural_eos_8192_cap,VERL TP2,3q35u7qp,11,1308.9921875,242.0,8192.0,0.017578125,61.49805215885863,37.64496863889508,20.75371691212058,2.1109823137521744e-05,3.026982559124008,670204.0,17803.28219765177
natural_eos_8192_cap,VERL TP2,3q35u7qp,12,1145.783203125,152.0,8192.0,0.001953125,55.74401804804802,32.67802273016423,19.565720436163247,2.5168992578983307e-05,3.42717480706051,586641.0,17952.157168263642
natural_eos_8192_cap,VERL TP2,3q35u7qp,13,1122.677734375,232.0,8088.0,0.0,54.373758748173714,32.8877459440846,18.350305339088663,2.0908890292048454e-05,3.0653630869928747,574811.0,17477.96887561974
natural_eos_8192_cap,VERL TP2,3q35u7qp,14,1213.931640625,181.0,8192.0,0.005859375,63.754989604931325,40.166176800848916,20.0884337129537,1.989002339541912e-05,3.4284414921421558,621533.0,15474.039341151927
natural_eos_8192_cap,VERL TP2,3q35u7qp,15,1186.697265625,42.0,8192.0,0.005859375,58.27361505990848,36.170030473032966,18.9871177689638,2.1730083972215652e-05,3.046272245934233,607589.0,16798.13348382429
