workload,reward,rows_per_rank,micros_per_rank,arm,overlap_impl,rollouts,sessions,generate_reward_mean_s,generate_reward_min_s,generate_reward_max_s,generate_mean_s,exposed_reward_mean_s,change_vs_baseline_pct,train_mean_s
bagel_it2i,editscore_8b,32,,baseline,,4,3,126.8,125.9,127.8,98.2,28.6,+0.0,187.2
bagel_it2i,editscore_8b,32,4,serial,,5,4,111.5,110.9,111.9,97.6,13.8,-12.1,186.7
bagel_it2i,editscore_8b,32,8,serial,,1,1,113.0,113.0,113.0,97.8,15.1,-10.9,180.0
bagel_it2i,editscore_8b,32,4,overlap,depth1,5,4,106.9,106.6,107.3,97.8,9.2,-15.7,193.6
bagel_it2i,editscore_8b,32,4,overlap,pooled,7,5,106.9,106.6,107.3,97.7,9.2,-15.7,191.4
bagel_it2i,editscore_8b,32,4,overlap,queued,2,1,106.8,106.8,106.8,97.6,9.1,-15.8,186.0
bagel_it2i,editscore_8b,32,8,overlap,pooled,1,1,104.8,104.8,104.8,97.9,6.9,-17.4,179.2
bagel_it2i,editscore_8b,32,8,overlap,queued,1,1,104.8,104.8,104.8,97.9,6.9,-17.4,179.2
bagel_it2i,editscore_8b,16,,baseline,,1,1,64.6,64.6,64.6,49.1,15.5,+0.0,95.0
bagel_it2i,editscore_8b,16,,request_batch_only,,1,1,69.6,69.6,69.6,49.0,20.6,+7.7,94.5
bagel_it2i,editscore_8b,16,2,serial,,1,1,59.6,59.6,59.6,48.8,10.8,-7.8,95.7
bagel_it2i,editscore_8b,16,2,overlap,depth1,1,1,58.5,58.5,58.5,48.8,9.7,-9.4,95.8
bagel_it2i,editscore_8b,16,2,overlap,pooled,1,1,58.5,58.5,58.5,48.8,9.7,-9.4,95.8
bagel_it2i,editscore_72b,32,,baseline,,2,2,179.7,179.2,180.1,98.0,81.7,+0.0,185.7
bagel_it2i,editscore_72b,32,4,serial,,4,3,145.0,144.4,146.0,97.6,47.4,-19.3,185.6
bagel_it2i,editscore_72b,32,4,overlap,depth1,4,3,145.5,144.3,147.2,97.7,47.8,-19.0,185.8
bagel_it2i,editscore_72b,32,4,overlap,pooled,6,4,146.3,144.3,149.1,97.7,48.6,-18.6,187.4
bagel_it2i,editscore_72b,32,4,overlap,queued,2,1,147.8,146.5,149.1,97.6,50.2,-17.8,190.5
bagel_it2i,editscore_72b,16,,baseline,,1,1,98.5,98.5,98.5,49.1,49.4,+0.0,91.6
bagel_it2i,editscore_72b,16,,request_batch_only,,1,1,113.1,113.1,113.1,49.2,63.9,+14.8,92.9
bagel_it2i,editscore_72b,16,2,serial,,1,1,86.9,86.9,86.9,48.9,38.0,-11.8,92.3
bagel_it2i,editscore_72b,16,2,overlap,depth1,1,1,85.8,85.8,85.8,48.9,36.9,-12.9,91.5
bagel_it2i,editscore_72b,16,2,overlap,pooled,1,1,85.8,85.8,85.8,48.9,36.9,-12.9,91.5
bagel_t2i,pickscore_local,32,,baseline,,2,1,56.0,56.0,56.0,51.5,4.5,+0.0,58.4
bagel_t2i,pickscore_local,32,4,serial,,2,1,52.4,52.4,52.5,51.3,1.1,-6.3,58.4
bagel_t2i,pickscore_local,32,4,overlap,depth1,2,1,52.3,52.3,52.3,51.8,0.6,-6.5,57.7
bagel_t2i,pickscore_local,32,4,overlap,pooled,2,1,52.3,52.3,52.3,51.8,0.6,-6.5,57.7
