workload,reward,strategy,cost_model,rollout,rollout_score_s,slowest_rank_generate_s,mean_rank_generate_s,idle_pct,stolen_units,train_s,step_s
t2i,pickscore_local,baseline,,1,125.0,121.9,103.2,15,0,131.9,256.9
t2i,pickscore_local,baseline,,2,150.2,147.2,103.8,29,0,135.5,285.7
t2i,pickscore_local,owner,pixels,1,125.4,122.0,103.3,15,0,136.1,261.4
t2i,pickscore_local,owner,pixels,2,150.3,147.1,103.8,29,0,138.0,288.3
t2i,pickscore_local,balanced,pixels,1,109.1,105.8,103.2,3,0,144.3,253.5
t2i,pickscore_local,balanced,pixels,2,108.6,105.8,103.7,2,0,140.7,249.3
t2i,pickscore_local,steal,pixels,1,109.1,105.8,103.2,3,0,144.1,253.2
t2i,pickscore_local,steal,pixels,2,108.7,105.8,103.6,2,0,141.7,250.4
t2i,pickscore_local,balanced,rows,1,143.5,140.0,103.3,26,0,147.2,290.6
t2i,pickscore_local,balanced,rows,2,133.9,131.0,103.5,21,0,138.5,272.3
t2i,pickscore_local,steal,rows,1,121.3,118.7,103.1,13,6,145.9,267.2
t2i,pickscore_local,steal,rows,2,115.9,112.7,103.6,8,5,139.7,255.6
it2i,editscore_8b,baseline,,1,85.7,78.9,64.7,16,0,182.6,268.3
it2i,editscore_8b,baseline,,2,99.3,91.0,63.7,29,0,171.7,271.1
it2i,editscore_8b,baseline+overlap,,1,81.5,78.9,64.7,18,0,184.0,265.5
it2i,editscore_8b,baseline+overlap,,2,93.7,91.2,63.7,30,0,171.6,265.3
it2i,editscore_8b,balanced,pixels,1,83.5,66.8,64.7,9,0,188.9,272.3
it2i,editscore_8b,balanced,pixels,2,77.8,68.1,63.8,6,0,175.3,253.1
it2i,editscore_8b,steal,pixels,1,82.2,68.2,64.7,6,2,188.9,271.0
it2i,editscore_8b,steal,pixels,2,77.4,68.0,63.7,6,0,175.1,252.5
it2i,editscore_8b,steal+overlap,pixels,1,73.0,66.9,64.8,5,0,188.3,261.2
it2i,editscore_8b,steal+overlap,pixels,2,71.5,68.1,63.8,5,0,175.6,247.1
it2i,editscore_8b,steal,rows,1,88.0,79.9,64.7,16,3,191.0,279.0
it2i,editscore_8b,steal,rows,2,84.8,76.9,63.7,17,4,172.8,257.6
it2i,editscore_72b,baseline,,1,118.3,78.9,64.6,13,0,183.2,301.4
it2i,editscore_72b,baseline,,2,128.4,90.8,63.7,21,0,171.8,300.2
it2i,editscore_72b,steal,pixels,1,133.3,68.2,64.7,8,1,189.4,322.7
it2i,editscore_72b,steal,pixels,2,132.2,72.1,63.7,8,1,175.1,307.4
it2i,editscore_72b,steal+overlap,pixels,1,131.5,66.8,64.7,10,0,188.7,320.2
it2i,editscore_72b,steal+overlap,pixels,2,131.1,68.4,63.8,8,0,175.7,306.9
